"","weight_function","n_patients","n_bootstraps","cutoff","HR_target","HR_calculated","HR_calculated_2_5","HR_calculated_97_5"
"1",1,100,1000,180,2,2.64130629440347,0.611674146739247,7.89322948288387
"2",1,1000,1000,180,2,2.32885059718577,1.78250107101105,2.94783296167101
"3",1,10000,1000,180,2,2.6471688868863,2.42176422799534,2.89340152689269
"4",1,100000,1000,180,2,2.7315009737557,2.65440172071013,2.81667406535498
