"","n_patients","simulation_time","type"
"1",100,0.906185865402222,0
"2",200,1.56068706512451,0
"3",500,5.53124165534973,0
"4",1000,13.8634133338928,0
"5",2000,41.4003663063049,0
"6",5000,189.621497869492,0
"7",10000,680.577403783798,0
"8",20000,2610.24982404709,0
"9",50000,16123.8865637779,0
"10",100000,191338.159694195,0
